1,5,Fitcore,dog,dachsund,Ea quis ullamco excepteur excepteur ipsum in sint. Sit adipisicing do minim sunt dolor ipsum elit irure consectetur id voluptate. Ea cupidatat sunt do cillum ipsum ut exercitation Lorem dolore ipsum dolore.,https://via.placeholder.com/400/950/fff/?text=Fitcore,2020-11-18T03:51:05 +08:00
2,9,Furnitech,cat,tuxedo,Anim minim veniam quis tempor enim culpa. Eu duis laborum reprehenderit proident. Labore elit adipisicing anim pariatur ut veniam tempor voluptate sit reprehenderit et.,https://via.placeholder.com/400/772/fff/?text=Furnitech,2021-02-20T09:25:44 +08:00
3,1,Balooba,dog,dachsund,Consequat amet exercitation sit excepteur reprehenderit minim incididunt non minim tempor et ullamco enim. Consequat exercitation anim irure cillum velit elit excepteur sit. Ex mollit dolore mollit fugiat laborum dolore do.,https://via.placeholder.com/400/905/fff/?text=Balooba,2021-06-12T01:44:41 +07:00
4,4,Netplax,cat,calico,Incididunt enim dolor ut amet labore enim in deserunt labore irure sint. Velit culpa amet sit voluptate adipisicing anim duis dolor aliquip id id ipsum voluptate. Do duis magna exercitation incididunt consectetur ipsum nostrud consequat deserunt adipisicing excepteur.,https://via.placeholder.com/400/952/fff/?text=Netplax,2021-06-17T01:03:42 +07:00
5,9,Cubix,horse,unicorn,Esse non Lorem duis aliquip minim. Anim commodo adipisicing ex id quis eiusmod velit aliquip. Velit ullamco veniam sunt irure velit aliqua pariatur aliquip esse duis do do.,https://via.placeholder.com/400/992/fff/?text=Cubix,2020-06-28T01:14:24 +07:00
6,9,Earthpure,horse,unicorn,Magna ipsum voluptate fugiat ex velit sint anim velit ut laboris. Elit laborum dolore et est incididunt velit ipsum enim et consectetur do cupidatat culpa culpa. Tempor cupidatat quis deserunt ut sint amet sint.,https://via.placeholder.com/400/881/fff/?text=Earthpure,2021-08-19T01:16:12 +07:00
7,3,Kaggle,dog,pitbull,Occaecat id commodo dolor nisi Lorem quis eu duis culpa enim reprehenderit reprehenderit. Dolore qui occaecat laboris sunt excepteur eu laborum laborum consectetur cupidatat sit commodo. Velit adipisicing fugiat culpa esse cupidatat ea irure magna officia aliquip incididunt ipsum nisi deserunt.,https://via.placeholder.com/400/780/fff/?text=Kaggle,2020-04-26T04:20:12 +07:00
8,6,Ovolo,dog,pitbull,Aliquip cupidatat aliqua cillum anim ipsum. Aliquip nisi reprehenderit sunt deserunt ipsum ullamco tempor voluptate incididunt occaecat quis. Sint exercitation commodo nulla officia laborum proident nostrud exercitation reprehenderit.,https://via.placeholder.com/400/913/fff/?text=Ovolo,2021-08-27T04:24:44 +07:00
9,3,Puria,horse,unicorn,Nisi fugiat esse tempor occaecat sunt sit velit duis duis tempor fugiat reprehenderit consequat. Duis mollit sunt proident non fugiat ex tempor do cillum. Excepteur reprehenderit aute non tempor.,https://via.placeholder.com/400/902/fff/?text=Puria,2021-04-16T03:30:31 +07:00
10,10,Rodeomad,horse,andalusian,Nulla nisi irure fugiat exercitation reprehenderit in id duis amet deserunt sunt nisi amet id. Lorem aliquip duis ullamco elit culpa fugiat. Cillum pariatur duis qui nostrud amet aliquip sit.,https://via.placeholder.com/400/707/fff/?text=Rodeomad,2020-04-27T07:36:09 +07:00
11,2,Pasturia,horse,andalusian,Qui nisi fugiat pariatur nisi aliqua tempor amet magna velit sit voluptate. Ipsum laborum amet consectetur consectetur ad labore minim reprehenderit consequat magna amet. Incididunt officia fugiat cupidatat eiusmod dolor reprehenderit amet Lorem nisi ipsum consectetur.,https://via.placeholder.com/400/943/fff/?text=Pasturia,2020-09-05T04:16:33 +07:00
12,3,Comvoy,cat,siamese,Et officia culpa mollit dolor sit amet sunt minim ut reprehenderit. Mollit proident incididunt duis duis proident ullamco sunt exercitation velit. Anim cillum mollit consectetur velit anim et tempor.,https://via.placeholder.com/400/852/fff/?text=Comvoy,2020-08-18T09:06:23 +07:00
13,5,Enervate,horse,andalusian,Sit amet mollit veniam commodo consectetur cillum ad consectetur nisi id adipisicing cillum. Culpa et officia ullamco magna in laborum reprehenderit officia do esse dolor laborum aliquip eu. Labore eu ad pariatur eiusmod ex eiusmod culpa ex exercitation.,https://via.placeholder.com/400/864/fff/?text=Enervate,2021-08-08T03:17:32 +07:00
14,6,Orboid,cat,ginger,Magna enim commodo aliqua nisi. Aliquip labore ea eu et do velit amet ullamco. Officia ex fugiat eu mollit adipisicing Lorem.,https://via.placeholder.com/400/737/fff/?text=Orboid,2021-03-20T03:18:51 +07:00
15,4,Digiprint,horse,andalusian,Duis aliqua duis adipisicing exercitation exercitation sit in magna excepteur est magna amet. Veniam sit non aliquip ullamco elit eu velit. Labore deserunt excepteur culpa laboris eiusmod cillum adipisicing irure in mollit fugiat.,https://via.placeholder.com/400/752/fff/?text=Digiprint,2021-04-04T06:36:00 +07:00
16,4,Golistic,cat,siamese,Dolor et veniam fugiat velit mollit. Aliquip velit consectetur nisi adipisicing. Quis velit ea do magna nostrud pariatur eiusmod pariatur consectetur in est laborum ea ut.,https://via.placeholder.com/400/913/fff/?text=Golistic,2020-02-22T05:39:43 +08:00
17,3,Tsunamia,horse,shetland,Exercitation in laborum exercitation eu velit adipisicing elit excepteur pariatur dolore non eu. Commodo esse nostrud sint ullamco est et aliquip sint aliquip ea duis minim minim. Excepteur occaecat esse consequat sunt cupidatat.,https://via.placeholder.com/400/836/fff/?text=Tsunamia,2021-08-16T12:07:36 +07:00
18,2,Ginkogene,horse,unicorn,Ut tempor labore tempor irure mollit laboris fugiat laboris aliquip ea laborum ut officia do. Excepteur duis qui esse consequat aliqua occaecat pariatur. Laboris velit Lorem fugiat esse sint dolore elit reprehenderit laboris veniam officia tempor ullamco consequat.,https://via.placeholder.com/400/991/fff/?text=Ginkogene,2020-08-25T10:09:45 +07:00
19,4,Kengen,dog,pitbull,Non et ad in voluptate id occaecat veniam veniam ipsum reprehenderit exercitation irure ad. Nulla aute consectetur minim voluptate sunt amet. Reprehenderit nisi aliqua commodo fugiat amet dolore ad.,https://via.placeholder.com/400/749/fff/?text=Kengen,2020-10-23T03:39:14 +07:00
20,9,Comstar,cat,tuxedo,Cillum labore sit non officia ex quis magna officia cupidatat consequat. Incididunt reprehenderit amet minim fugiat officia consectetur irure. Amet pariatur adipisicing aliquip proident sunt ipsum fugiat non ullamco.,https://via.placeholder.com/400/925/fff/?text=Comstar,2021-01-16T06:45:53 +08:00
21,1,Enormo,cat,ginger,Occaecat anim adipisicing laborum cillum anim esse quis anim tempor laboris cillum pariatur. Reprehenderit proident cupidatat do do incididunt in esse commodo nostrud aliquip dolor. Minim eu duis nostrud ad ea.,https://via.placeholder.com/400/749/fff/?text=Enormo,2021-04-19T07:34:59 +07:00
22,2,Xsports,dog,labrador,Ad nulla nostrud non ipsum duis consequat. Labore adipisicing fugiat officia laborum. Aliqua pariatur elit nisi est sint officia do irure aute aliqua ullamco tempor mollit ad.,https://via.placeholder.com/400/739/fff/?text=Xsports,2021-01-01T07:52:36 +08:00
23,5,Zentix,cat,tuxedo,Aute ipsum voluptate amet qui. Sunt qui tempor non laboris est quis. Sunt ex aliquip velit proident id laboris sunt nostrud id esse id nulla ut elit.,https://via.placeholder.com/400/888/fff/?text=Zentix,2021-09-09T03:53:43 +07:00
24,4,Telepark,dog,pitbull,Mollit Lorem aliqua fugiat sit est ullamco magna qui. Tempor adipisicing duis magna deserunt reprehenderit. Anim ad laborum tempor dolore incididunt occaecat nulla aute voluptate culpa.,https://via.placeholder.com/400/721/fff/?text=Telepark,2020-02-02T09:24:53 +08:00
25,9,Eventex,cat,siamese,Deserunt commodo qui esse sit. Ex nisi deserunt commodo aliquip adipisicing elit irure pariatur. Eu do quis consequat exercitation exercitation nisi id incididunt elit qui.,https://via.placeholder.com/400/872/fff/?text=Eventex,2021-06-06T03:16:26 +07:00
26,6,Techmania,dog,dachsund,Dolore in ipsum veniam nostrud quis in. Amet consectetur officia eu tempor fugiat labore esse occaecat occaecat Lorem consequat dolor dolore sint. Et velit aute do nisi dolor tempor esse duis excepteur amet incididunt cupidatat.,https://via.placeholder.com/400/886/fff/?text=Techmania,2020-10-09T11:24:18 +07:00
27,3,Chillium,dog,pitbull,Reprehenderit amet eiusmod reprehenderit non eiusmod sit. Officia eu qui fugiat proident. Occaecat amet sint cupidatat id duis reprehenderit ipsum Lorem culpa culpa sunt.,https://via.placeholder.com/400/861/fff/?text=Chillium,2021-09-12T10:59:37 +07:00
28,9,Omnigog,horse,shetland,Commodo non aliqua in do mollit exercitation irure ut aliqua excepteur ad enim quis excepteur. Commodo ut duis Lorem consequat commodo nostrud aliquip voluptate ut consequat consectetur enim. Officia laborum dolor pariatur pariatur labore minim id.,https://via.placeholder.com/400/942/fff/?text=Omnigog,2021-06-28T10:02:47 +07:00
29,6,Eyeris,dog,dachsund,Reprehenderit id cillum consectetur proident proident ipsum veniam veniam quis aute adipisicing reprehenderit voluptate. Consectetur sint do nisi irure commodo excepteur minim anim et est. Ipsum et Lorem labore consectetur quis commodo.,https://via.placeholder.com/400/875/fff/?text=Eyeris,2020-02-06T10:55:50 +08:00
30,2,Exoswitch,horse,shetland,Minim qui id qui reprehenderit in voluptate. Aliqua nulla non nulla laboris occaecat officia adipisicing. Fugiat pariatur ullamco quis laboris irure minim anim nostrud.,https://via.placeholder.com/400/752/fff/?text=Exoswitch,2020-11-25T06:48:03 +08:00
31,1,Pathways,cat,ginger,Ea non commodo in Lorem dolore sunt commodo sit do pariatur nisi consectetur proident. Aute tempor id labore dolor ut voluptate aliquip incididunt non incididunt mollit amet exercitation. Aliquip pariatur veniam sit aliquip cillum nostrud.,https://via.placeholder.com/400/910/fff/?text=Pathways,2021-02-16T05:09:14 +08:00
32,2,Satiance,horse,unicorn,Deserunt velit et magna nulla laborum fugiat mollit anim. Tempor tempor id commodo culpa ullamco labore. Laborum excepteur exercitation sit do sunt.,https://via.placeholder.com/400/982/fff/?text=Satiance,2020-10-31T05:37:29 +07:00
33,6,Proxsoft,horse,unicorn,Lorem culpa amet deserunt amet est. Ea ut et minim sint cupidatat minim aliquip adipisicing pariatur cupidatat id aliqua. Irure incididunt ad ad in eiusmod sit excepteur in ipsum in ex.,https://via.placeholder.com/400/755/fff/?text=Proxsoft,2021-07-05T08:20:01 +07:00
34,3,Bugsall,dog,labrador,Duis ullamco proident occaecat veniam deserunt ut commodo non adipisicing. Minim cillum veniam deserunt ipsum tempor proident id adipisicing non aute ipsum consequat. Labore laboris nisi occaecat nisi voluptate velit do eiusmod.,https://via.placeholder.com/400/982/fff/?text=Bugsall,2020-01-30T07:28:00 +08:00
35,7,Endipine,dog,labrador,Eu fugiat ut aliqua adipisicing tempor tempor nisi do non. Et adipisicing cupidatat qui occaecat excepteur do est ea duis. Consectetur deserunt nulla nisi consequat pariatur esse laborum aliquip exercitation nulla non exercitation officia ex.,https://via.placeholder.com/400/828/fff/?text=Endipine,2020-08-01T05:10:41 +07:00
36,6,Imaginart,cat,calico,Occaecat pariatur qui exercitation ipsum pariatur. Nisi deserunt commodo aliqua commodo dolor enim magna aute commodo veniam velit do. Sit aliqua enim magna dolor id ullamco irure dolore consequat officia consectetur.,https://via.placeholder.com/400/857/fff/?text=Imaginart,2020-03-05T03:47:45 +08:00
37,1,Gracker,dog,labrador,Laborum esse aliqua consequat voluptate adipisicing voluptate sit pariatur nulla. Id ad tempor cillum labore aute laborum nostrud aliqua consequat velit occaecat. Commodo in ex occaecat excepteur sunt do culpa eu.,https://via.placeholder.com/400/986/fff/?text=Gracker,2020-02-14T10:39:47 +08:00
38,5,Exoblue,dog,pitbull,Proident veniam nulla occaecat enim sit sunt ipsum dolor. Laboris nisi enim in adipisicing id fugiat minim veniam excepteur eu commodo do deserunt eiusmod. Reprehenderit minim commodo aliquip deserunt exercitation consectetur do pariatur deserunt irure labore.,https://via.placeholder.com/400/840/fff/?text=Exoblue,2021-10-04T09:18:58 +07:00
39,7,Undertap,cat,calico,Laborum amet consequat id quis ut. Do esse mollit nulla incididunt aute. Eiusmod occaecat elit tempor occaecat qui fugiat commodo.,https://via.placeholder.com/400/774/fff/?text=Undertap,2020-01-20T03:43:37 +08:00
40,6,Nimon,cat,calico,Fugiat consequat Lorem cillum minim sint laboris duis elit quis. Ipsum enim elit esse amet ipsum deserunt. Veniam excepteur ad exercitation deserunt.,https://via.placeholder.com/400/764/fff/?text=Nimon,2021-04-10T06:37:59 +07:00
41,5,Permadyne,cat,siamese,Mollit amet elit ad ullamco eu deserunt pariatur ipsum duis commodo fugiat exercitation nisi. Sunt sunt velit cillum adipisicing ut duis Lorem. Id irure laboris nulla duis nisi culpa nisi ea eiusmod in sunt eiusmod.,https://via.placeholder.com/400/926/fff/?text=Permadyne,2020-02-09T08:49:06 +08:00
42,5,Zentury,cat,calico,Reprehenderit ullamco aute do minim exercitation fugiat ex est ex aliquip. Dolore ipsum aliqua est nulla dolor voluptate laboris aliquip ullamco occaecat nulla duis. Irure minim dolor duis aute ipsum eiusmod.,https://via.placeholder.com/400/713/fff/?text=Zentury,2021-10-08T02:26:23 +07:00
43,5,Enomen,cat,calico,Non sint tempor dolor mollit ullamco consequat eiusmod minim non ut. Veniam sint mollit elit tempor. Minim magna mollit esse culpa consectetur ut.,https://via.placeholder.com/400/983/fff/?text=Enomen,2020-09-19T05:50:55 +07:00
44,7,Delphide,cat,siamese,Quis sit laborum consectetur cupidatat ad consequat pariatur ea eiusmod nisi culpa occaecat. Adipisicing labore reprehenderit sit quis sint aliqua do ut eiusmod velit eu qui. Laborum do id velit officia.,https://via.placeholder.com/400/744/fff/?text=Delphide,2020-10-03T05:33:14 +07:00
45,3,Hydrocom,cat,calico,Eu nostrud dolore velit Lorem minim amet pariatur irure est officia. Aliquip sint Lorem culpa qui anim minim proident dolore mollit sint deserunt. Ut exercitation in fugiat non proident culpa minim esse Lorem.,https://via.placeholder.com/400/948/fff/?text=Hydrocom,2020-05-15T01:43:06 +07:00
46,8,Maximind,dog,labrador,Duis eu deserunt magna est nulla amet. Nisi dolor in cillum ex magna deserunt aliquip do ullamco id et. Incididunt deserunt ut ea laboris ullamco laboris ut qui proident exercitation.,https://via.placeholder.com/400/937/fff/?text=Maximind,2020-04-26T12:07:11 +07:00
47,4,Franscene,cat,tuxedo,Esse adipisicing cillum ex consequat nostrud mollit. Voluptate proident officia reprehenderit mollit dolore esse enim sit elit labore aliquip nostrud nisi. Pariatur officia nostrud ut ea incididunt ea cillum enim proident mollit in non.,https://via.placeholder.com/400/998/fff/?text=Franscene,2020-02-25T07:26:02 +08:00
48,4,Callflex,horse,andalusian,Ad ullamco aliquip qui minim amet duis sint occaecat enim reprehenderit amet ipsum. Excepteur officia consectetur culpa adipisicing. Tempor proident Lorem mollit eu anim nisi aliquip.,https://via.placeholder.com/400/893/fff/?text=Callflex,2020-11-16T02:26:35 +08:00
49,5,Insectus,dog,labrador,Officia pariatur consequat sit ad nostrud. Commodo enim elit dolore labore labore ut elit Lorem Lorem duis id labore. Voluptate sint fugiat non cupidatat anim occaecat exercitation duis cillum.,https://via.placeholder.com/400/919/fff/?text=Insectus,2021-03-02T01:16:37 +08:00
50,7,Zilidium,dog,labrador,Et Lorem ut velit amet minim aute laborum. Voluptate est sit veniam eiusmod pariatur id veniam commodo veniam enim nisi minim. Ad ad amet pariatur esse dolor nulla nisi voluptate.,https://via.placeholder.com/400/829/fff/?text=Zilidium,2020-06-12T09:08:12 +07:00
